priority,business_name,phone,phone_type,category,city,state,source,discovery_method,website,is_sole_proprietor,found_at
standard,1 A MALLARD LEASING LLC,(304) 415-3818,mobile,,CHARLESTON,WV,fmcsa_census_wv,,,,
standard,1 KORIN 3-10 INCORPORATED,(304) 542-0977,mobile,,HURRICANE,WV,fmcsa_census_wv,,,,
standard,180 EXCAVATING LLC,(304) 360-2984,mobile,,CHARLESTON,WV,fmcsa_census_wv,,,,
standard,1842541,(304) 616-8004,mobile,,HEDGESVILLE,WV,fmcsa_census_wv,,,,
standard,1ST ACTION CONSTRUCTION SERVICES LLC,(304) 360-0071,mobile,,WAYNE,WV,fmcsa_census_wv,,,,
standard,1ST CHOICE TRANSPORT LLC,(304) 483-8256,mobile,,PARKERSBURG,WV,fmcsa_census_wv,,,,
standard,2-2-0 CORPORATION,(304) 532-4423,mobile,,SPENCER,WV,fmcsa_census_wv,,,,
standard,20 20 ENTERPRISES LLC,(304) 325-2081,mobile,,BLUEFIELD,WV,fmcsa_census_wv,,,,
standard,20 MILE TRANSPORT LLC,(304) 610-3739,mobile,,BELVA,WV,fmcsa_census_wv,,,,
standard,24 HOUR RELIABLE TRUCK & TRAILER REPAIR INC,(304) 887-3706,mobile,,PRINCETON,WV,fmcsa_census_wv,,,,
standard,3 A TOWING LLC,(304) 613-5055,mobile,,BUCKHANNON,WV,fmcsa_census_wv,,,,
standard,3 AND 1 TRUCKING,(304) 261-1929,mobile,,KEARNEYSVILLE,WV,fmcsa_census_wv,,,,
standard,3 B S LLC,(304) 671-6951,mobile,,LEVELS,WV,fmcsa_census_wv,,,,
standard,3-C OPERATING LLC,(304) 613-9977,mobile,,NEW MILTON,WV,fmcsa_census_wv,,,,
standard,304 DISPOSAL LLC,(304) 657-5656,mobile,,PT PLEASANT,WV,fmcsa_census_wv,,,,
standard,304 POULTRY REPAIR LLC,(304) 851-4222,mobile,,BURLINGTON,WV,fmcsa_census_wv,,,,
standard,304LOGISTICS LLC,(304) 417-0618,mobile,,HUNTINGTON,WV,fmcsa_census_wv,,,,
standard,3B WELDING & LOGISTICS,(304) 904-1382,mobile,,DUCK,WV,fmcsa_census_wv,,,,
standard,3D LAND MANAGEMENT LLC,(304) 594-6876,mobile,,AURORA,WV,fmcsa_census_wv,,,,
standard,3S LLC,(304) 290-3383,mobile,,MORGANTOWN,WV,fmcsa_census_wv,,,,
standard,4 B SERVICES INC,(304) 543-8701,mobile,,GRIFFITHSVILLE,WV,fmcsa_census_wv,,,,
standard,4 C'S ENTERPRISES LLC,(304) 288-4272,mobile,,MASONTOWN,WV,fmcsa_census_wv,,,,
standard,4 J'S STORAGE,(304) 784-6360,mobile,,HOLDEN,WV,fmcsa_census_wv,,,,
standard,4 SEASON VEGIE FARM LLC,(304) 479-1911,mobile,,NEW MANCHESTER,WV,fmcsa_census_wv,,,,
standard,4-D TRUCKING COMPANY INCORPORATED,(304) 550-0675,mobile,,CROSS LANES,WV,fmcsa_census_wv,,,,
standard,41 TRUCKING LLC,(304) 660-6350,mobile,,BALLARD,WV,fmcsa_census_wv,,,,
standard,4C TRANSPORTATION LLC,(304) 389-5526,mobile,,HURRICANE,WV,fmcsa_census_wv,,,,
standard,4R COMPANY LLC,(304) 672-1865,mobile,,FAIRMONT,WV,fmcsa_census_wv,,,,
standard,5 STAR TOWING LLC,(304) 784-0901,mobile,,CHAPMANVILLE,WV,fmcsa_census_wv,,,,
standard,52 PIPE LLC,(304) 888-1035,mobile,,BLUEFIELD,WV,fmcsa_census_wv,,,,
standard,5J SERVICES LLC,(304) 120-3897,mobile,,JANE LEW,WV,fmcsa_census_wv,,,,
standard,5M DISTRIBUTION LLC,(304) 676-3694,mobile,,FALLING WTRS,WV,fmcsa_census_wv,,,,
standard,6G SOLUTIONS LLC,(304) 432-8222,mobile,,FAIRVIEW,WV,fmcsa_census_wv,,,,
standard,A & A ELECTRIC & HVAC LLC,(304) 257-8995,mobile,,SCHERR,WV,fmcsa_census_wv,,,,
standard,A & A EQUIPMENT ENTERPRISES INC,(304) 687-5287,mobile,,NEW RICHMOND,WV,fmcsa_census_wv,,,,
standard,A & A EXCAVATING,(304) 677-3509,mobile,,READER,WV,fmcsa_census_wv,,,,
standard,A & B REPAIR SERVICE LLC,(304) 860-0565,mobile,,OAK HILL,WV,fmcsa_census_wv,,,,
standard,A & B TOOLS LLC,(304) 813-0228,mobile,,NEW CREEK,WV,fmcsa_census_wv,,,,
standard,A & B USED CARS LLC,(304) 421-2886,mobile,,CHARLESTON,WV,fmcsa_census_wv,,,,
standard,A & C EQUIPMENT & SUPPLY,(304) 673-7173,mobile,,STANAFORD,WV,fmcsa_census_wv,,,,
standard,A & E TIMBER HARVESTING INC,(304) 667-9718,mobile,,WILLIAMSBURG,WV,fmcsa_census_wv,,,,
standard,A & E TRANSPORT LLC,(304) 928-4581,mobile,,VERNER,WV,fmcsa_census_wv,,,,
standard,A & G EXCAVATING,(304) 365-4090,mobile,,GRAFTON,WV,fmcsa_census_wv,,,,
standard,A & H EXCAVATING AND PROPERTY MAINTENANCE LLC,(304) 645-2135,mobile,,SECONDCREEK,WV,fmcsa_census_wv,,,,
standard,A & J HAULING A LIMITED LIABILITY COMPANY,(304) 704-2907,mobile,,NORTON,WV,fmcsa_census_wv,,,,
standard,A & J HEATING AND COOLING INC,(304) 349-4932,mobile,,NEW MILTON,WV,fmcsa_census_wv,,,,
standard,A & L BUILDING MATERIALS & HARDWARE INC,(304) 415-0086,mobile,,HURRICANE,WV,fmcsa_census_wv,,,,
standard,A & M WRECKER SVC INC,(304) 619-5466,mobile,,POOL,WV,fmcsa_census_wv,,,,
standard,A & P ANTIQUE & GIFT SHOP LLC,(304) 358-7006,mobile,,FRANKLIN,WV,fmcsa_census_wv,,,,
standard,A & P TRUCK LINES LLC,(304) 651-5522,mobile,,CRAIGSVILLE,WV,fmcsa_census_wv,,,,
standard,A & P TRUCKING HEAVY HAULING & RIGGING INC,(304) 282-9385,mobile,,MORGANTOWN,WV,fmcsa_census_wv,,,,
standard,A & R REMODELING INC,(304) 542-1152,mobile,,SCOTT DEPOT,WV,fmcsa_census_wv,,,,
standard,A & S ENTERPRISES LLC,(304) 668-8888,mobile,,PETERBURG,WV,fmcsa_census_wv,,,,
standard,A & S EXCAVATING LLC,(304) 741-2046,mobile,,SOUTHSIDE,WV,fmcsa_census_wv,,,,
standard,A & S TRUCKING LLC,(304) 237-1639,mobile,,SHADY SPRING,WV,fmcsa_census_wv,,,,
standard,A & T TRUCKING INC,(304) 784-9364,mobile,,PANTHER,WV,fmcsa_census_wv,,,,
standard,A 1 TOWING,(304) 673-6182,mobile,,COOL RIDGE,WV,fmcsa_census_wv,,,,
standard,A A M C INC,(304) 203-7742,mobile,,FLEMINGTON,WV,fmcsa_census_wv,,,,
standard,A AND E EQUIPMENT COMPANY LLC,(304) 834-0644,mobile,,BELMONT,WV,fmcsa_census_wv,,,,
standard,A AND W CONTRACTING LLC,(304) 741-1990,mobile,,POCA,WV,fmcsa_census_wv,,,,
standard,A BOWMAN LOGGING AND SERVICES,(304) 531-4195,mobile,,REEDY,WV,fmcsa_census_wv,,,,
standard,A C TRUCKING LLC,(304) 687-3509,mobile,,AMHERSTDALE,WV,fmcsa_census_wv,,,,
standard,A C YERRID LLC,(304) 550-4614,mobile,,CHARLESTON,WV,fmcsa_census_wv,,,,
standard,A CORPORATION,(304) 415-8727,mobile,,DUNBAR,WV,fmcsa_census_wv,,,,
standard,A D BAKER HOMES INC,(304) 242-9500,mobile,,WHEELING,WV,fmcsa_census_wv,,,,
standard,A DOUGLAS MCKEE,(304) 687-7179,mobile,,ONA,WV,fmcsa_census_wv,,,,
standard,A EQUIPMENT RENTAL LLC,(304) 786-4300,mobile,,ELLAMORE,WV,fmcsa_census_wv,,,,
standard,A F WENDLING INC,(304) 904-1576,mobile,,BUCKHANNON,WV,fmcsa_census_wv,,,,
standard,A FAMILY AFFAIR,(304) 290-3829,mobile,,BRUCETON MLS,WV,fmcsa_census_wv,,,,
standard,A HS TRUCKING LLC,(304) 667-8864,mobile,,ALDERSON,WV,fmcsa_census_wv,,,,
standard,A J BURK LLC,(304) 266-2479,mobile,,HORNER,WV,fmcsa_census_wv,,,,
standard,A J ENTERPRISES,(304) 633-7302,mobile,,BARBOURSVILLE,WV,fmcsa_census_wv,,,,
standard,A J PANCAKE TRUCKING LLC,(304) 790-0627,mobile,,ELK GARDEN,WV,fmcsa_census_wv,,,,
standard,A J ROCKWELL,(304) 629-0722,mobile,,ENTERPRISE,WV,fmcsa_census_wv,,,,
standard,A L LEE CORP,(304) 573-1145,mobile,,LESTER,WV,fmcsa_census_wv,,,,
standard,A LONG FAMILY ENTERPRISES LLC,(304) 695-2228,mobile,,WALLACE,WV,fmcsa_census_wv,,,,
standard,A M TRUCKING INC,(304) 784-2702,mobile,,VARNEY,WV,fmcsa_census_wv,,,,
standard,A N L DAVIS TRUCKING LLC,(304) 813-0547,mobile,,CAPON BRIDGE,WV,fmcsa_census_wv,,,,
standard,A NUMBER 1 TOWING & RECOVERY LLC,(304) 592-1957,mobile,,SHINNSTON,WV,fmcsa_census_wv,,,,
standard,A PLUS PLUMBING SERVICES LLC,(304) 820-3517,mobile,,MARTINSBURG,WV,fmcsa_census_wv,,,,
standard,A PLUS TOWING LLC,(304) 228-2564,mobile,,GHENT,WV,fmcsa_census_wv,,,,
standard,A TO Z ENVIRONMENTAL LLC,(304) 593-2297,mobile,,GLENWOOD,WV,fmcsa_census_wv,,,,
standard,A TO Z PLUMBING,(304) 415-2015,mobile,,HURRICANE,WV,fmcsa_census_wv,,,,
standard,A&A TRUCKING LLC,(304) 642-3054,mobile,,BARTOW,WV,fmcsa_census_wv,,,,
standard,A&B TRUCKING LLC,(304) 644-6110,mobile,,FRAMETOWN,WV,fmcsa_census_wv,,,,
standard,A&D EXCAVATION OF WEST VIRGINIA LLC,(304) 377-1099,mobile,,FRIENDLY,WV,fmcsa_census_wv,,,,
standard,A&G ENTERPRISES LLC,(304) 743-3997,mobile,,HURRICANE,WV,fmcsa_census_wv,,,,
standard,A&M CONCRETE PUMPING LLC,(304) 542-0015,mobile,,RED HOUSE,WV,fmcsa_census_wv,,,,
standard,A&M TOWING AND RECOVERY LLC,(304) 290-1705,mobile,,THORNTON,WV,fmcsa_census_wv,,,,
standard,A&N CONSTRUCTION LLC,(304) 918-8702,mobile,,WESTON,WV,fmcsa_census_wv,,,,
standard,A&R CONSULTING SERVICES LLC,(304) 677-5455,mobile,,BUCKHANNON,WV,fmcsa_census_wv,,,,
standard,A&S APPLIANCES LLC,(304) 880-3345,mobile,,SUMMERSVILLE,WV,fmcsa_census_wv,,,,
standard,A&Z REPAIR INCORPORATED,(304) 687-6041,mobile,,MAN,WV,fmcsa_census_wv,,,,
standard,A-1 AUTO SHOP & PREOWNED AUTO SALES LLC,(304) 573-0217,mobile,,RAINELLE,WV,fmcsa_census_wv,,,,
standard,A-1 CONSTRUCTION INC,(304) 541-4863,mobile,,CHARLTON HEIGHTS,WV,fmcsa_census_wv,,,,
standard,A-1 EQUIPMENT CORPERATION,(304) 360-0307,mobile,,BARBOURSVILLE,WV,fmcsa_census_wv,,,,
standard,A-1 FENCE CO INC,(304) 688-5544,mobile,,GILBERT,WV,fmcsa_census_wv,,,,
standard,A-1 LAWN SERVICE,(304) 437-0935,mobile,,ST ALBANS,WV,fmcsa_census_wv,,,,
standard,A-1 SERVICE SHOP INC,(304) 687-8912,mobile,,STOLLINGS,WV,fmcsa_census_wv,,,,
standard,A-1 TOWING AND SERVICES INC,(304) 618-7439,mobile,,GASSAWAY,WV,fmcsa_census_wv,,,,
standard,A-L CONCRETE,(304) 904-2696,mobile,,PINE GROVE,WV,fmcsa_census_wv,,,,
standard,A-Z HOT SHOT LLC,(304) 695-2518,mobile,,CLARKSBURG,WV,fmcsa_census_wv,,,,
standard,A-Z LOGISTICS INC,(304) 951-5151,mobile,,BLUEFIELD,WV,fmcsa_census_wv,,,,
standard,A-ZONE ENVIRONMENTAL SERVICES LLC,(304) 839-2409,mobile,,KEARNEYSVILLE,WV,fmcsa_census_wv,,,,
standard,AA MOWING AND LANDSCAPING LLC,(304) 582-8916,mobile,,HEDGESVILLE,WV,fmcsa_census_wv,,,,
standard,AAA ALLIELD GROUP INC,(304) 241-1348,mobile,,CHARLESTON,WV,fmcsa_census_wv,,,,
standard,AAA FENCING INSTALLATION'S,(304) 638-1593,mobile,,ONA,WV,fmcsa_census_wv,,,,
standard,AAA FENCING INSTALLATIONS INC,(304) 654-6562,mobile,,LESAGE,WV,fmcsa_census_wv,,,,
standard,AAA LANDSCAPING LLC,(304) 844-7327,mobile,,BRIDGEPORT,WV,fmcsa_census_wv,,,,
standard,AAA MOBILE HOMES INC,(304) 771-2221,mobile,,NEW MARTINSVILLE,WV,fmcsa_census_wv,,,,
standard,AAA SEPTIC TANK SERVICES INC,(304) 922-9200,mobile,,PRINCETON,WV,fmcsa_census_wv,,,,
standard,AARON BAFILE,(304) 207-2998,mobile,,MABEN,WV,fmcsa_census_wv,,,,
standard,AARON DUNLAP,(304) 444-1280,mobile,,RIPLEY,WV,fmcsa_census_wv,,,,
standard,AARON JAMES TRUCKING LLC,(304) 673-7777,mobile,,MULLENS,WV,fmcsa_census_wv,,,,
standard,AARON STEPHENS,(304) 532-5200,mobile,,COTTAGEVILLE,WV,fmcsa_census_wv,,,,
standard,AARON STREET LOGGING LLC,(304) 667-7369,mobile,,SINKS GROVE,WV,fmcsa_census_wv,,,,
standard,AARON'S LAWN CARE LLC,(304) 671-1560,mobile,,GERRARDSTOWN,WV,fmcsa_census_wv,,,,
standard,AARON'S PRODUCTS INC,(304) 633-8062,mobile,,HUNTINGTON,WV,fmcsa_census_wv,,,,
standard,AARONS TOWING & RECOVERY INC,(304) 494-4311,mobile,,VIENNA,WV,fmcsa_census_wv,,,,
standard,ABB CONSTRUCTION LLC,(304) 997-0796,mobile,,MORGANTOWN,WV,fmcsa_census_wv,,,,
standard,ABBOTT CONTRACTING LLC,(304) 514-4195,mobile,,LE ROY,WV,fmcsa_census_wv,,,,
standard,ABC CONTRACTING INC,(304) 673-7008,mobile,,LYNCO,WV,fmcsa_census_wv,,,,
standard,ABC FIRE SERVICES LLC,(304) 412-5971,mobile,,LAVALETTE,WV,fmcsa_census_wv,,,,
standard,ABC TOWING & RECOVERY LLC,(304) 695-3702,mobile,,FAIRMONT,WV,fmcsa_census_wv,,,,
standard,ABCO HAULING AND HOT SHOTS LLC,(304) 580-1613,mobile,,ROCKPORT,WV,fmcsa_census_wv,,,,
standard,ABDIEL'S TOWING LLC,(681) 242-0985,mobile,,MARTINSBURG,WV,fmcsa_census_wv,,,,
standard,ABE TRANSPORT LLC,(304) 412-3416,mobile,,LENORE,WV,fmcsa_census_wv,,,,
standard,ABG ORCHARD INC,(304) 261-8919,mobile,,BERKELEY SPRINGS,WV,fmcsa_census_wv,,,,
standard,ABLE CONSTRUCTION LLC,(304) 667-7790,mobile,,MARLINTON,WV,fmcsa_census_wv,,,,
standard,ABLE-BODY CONSTRUCTION,(304) 886-2418,mobile,,MARTINSBURG,WV,fmcsa_census_wv,,,,
standard,ABRAHAM LAND DESIGN LLC,(304) 280-3987,mobile,,TRIADELPHIA,WV,fmcsa_census_wv,,,,
standard,ABRAHAM LINC LLC,(304) 669-9334,mobile,,BRIDGEPORT,WV,fmcsa_census_wv,,,,
standard,ABS ELECTRIC LLC,(304) 552-6664,mobile,,RIPLEY,WV,fmcsa_census_wv,,,,
standard,ABSHIRE TRUCKING LLC,(304) 995-9551,mobile,,INWOOD,WV,fmcsa_census_wv,,,,
standard,ABSOLUTE ASPHALT & ASPHALT MAINTENANCE INC,(681) 385-5772,mobile,,CLENDENIN,WV,fmcsa_census_wv,,,,
standard,ABSOLUTE ENERGY SERVICES LLC,(304) 476-6665,mobile,,JANE LEW,WV,fmcsa_census_wv,,,,
standard,ABSOLUTE MAINTENANCE AND REPAIR INC,(304) 390-5222,mobile,,MILTON,WV,fmcsa_census_wv,,,,
standard,ABSTEN & SONS LLC,(304) 993-6450,mobile,,WINFIELD,WV,fmcsa_census_wv,,,,
standard,ABSTEN SERVICES LLC,(304) 552-7295,mobile,,WINFIELD,WV,fmcsa_census_wv,,,,
standard,ACCAD CORPORATION,(304) 552-5850,mobile,,IVYDALE,WV,fmcsa_census_wv,,,,
standard,ACCURATE PRO-CUT LLC,(304) 488-1716,mobile,,PARKERSBURG,WV,fmcsa_census_wv,,,,
standard,ACD WOOD PRODUCTS INC,(304) 904-5921,mobile,,DUCK,WV,fmcsa_census_wv,,,,
standard,ACE AUTO & TOWING INC,(304) 785-0014,mobile,,CHAPMANVILLE,WV,fmcsa_census_wv,,,,
standard,ACE ENERGY HOLDINGS LLC,(304) 669-0984,mobile,,BRIDGEPORT,WV,fmcsa_census_wv,,,,
standard,ACE GARAGE INC,(304) 312-7431,mobile,,WHEELING,WV,fmcsa_census_wv,,,,
standard,ACE LIVESTOCK LLC,(304) 667-9409,mobile,,GAP MILLS,WV,fmcsa_census_wv,,,,
standard,ACE PIPELINE INC,(304) 415-5947,mobile,,CHARLESTON,WV,fmcsa_census_wv,,,,
standard,ACE SERVICES LLC,(304) 437-3312,mobile,,CHARLESTON,WV,fmcsa_census_wv,,,,
standard,ACE TRUCK OF WEST VIRGINIA INC,(304) 419-1482,mobile,,HURRICANE,WV,fmcsa_census_wv,,,,
standard,ACE TRUCKING INC,(304) 687-4021,mobile,,DAVIN,WV,fmcsa_census_wv,,,,
standard,ACE WORKS LLC,(304) 281-9998,mobile,,WHEELING,WV,fmcsa_census_wv,,,,
standard,ACIE BAILEY,(304) 660-6042,mobile,,BALLARD,WV,fmcsa_census_wv,,,,
standard,ACIRE TRANSPORT LLC,(304) 784-0820,mobile,,MAN,WV,fmcsa_census_wv,,,,
standard,ACKENHEIL ENGINEERS & GEOLOGISTS INC,(304) 552-3946,mobile,,NITRO,WV,fmcsa_census_wv,,,,
standard,ACL GARAGE DOORS & FIREPLACES,(304) 820-7300,mobile,,BUNKER HILL,WV,fmcsa_census_wv,,,,
standard,ACME DELIVERY LLC,(304) 541-0007,mobile,,DUNBAR,WV,fmcsa_census_wv,,,,
standard,ACME WOOD PRESERVING INC,(304) 320-0297,mobile,,PRINCETON,WV,fmcsa_census_wv,,,,
standard,ACTION CONSTRUCTION LLC,(304) 288-3489,mobile,,FARMINGTON,WV,fmcsa_census_wv,,,,
standard,ACTION GAMING INC,(304) 771-3029,mobile,,WHEELING,WV,fmcsa_census_wv,,,,
standard,ADAM H GOUDY,(304) 483-8102,mobile,,PARKERSBURG,WV,fmcsa_census_wv,,,,
standard,ADAM HELMICK,(304) 377-7873,mobile,,GAY,WV,fmcsa_census_wv,,,,
standard,ADAM HUFFMAN LLC,(304) 257-0385,mobile,,MAYSVILLE,WV,fmcsa_census_wv,,,,
standard,ADAM LEE EVANS,(304) 813-0809,mobile,,ROMNEY,WV,fmcsa_census_wv,,,,
standard,ADAM M BRAGG,(304) 660-8547,mobile,,MEADOW BRIDGE,WV,fmcsa_census_wv,,,,
standard,ADAM MATTHEW LINDSAY,(304) 672-5302,mobile,,CLARKSBURG,WV,fmcsa_census_wv,,,,
standard,ADAM MEYERS CONSTRUCTION LLC,(304) 620-2292,mobile,,BERKELEY SPRINGS,WV,fmcsa_census_wv,,,,
standard,ADAM NEWHOUSE,(304) 541-9031,mobile,,CLENDENIN,WV,fmcsa_census_wv,,,,
standard,ADAM PERINE,(304) 844-6080,mobile,,WEST UNION,WV,fmcsa_census_wv,,,,
standard,ADAM W NEEL,(304) 647-0811,mobile,,UNION,WV,fmcsa_census_wv,,,,
standard,ADAM'S GOTTA STOP LLC,(304) 890-0724,mobile,,HINTON,WV,fmcsa_census_wv,,,,
standard,ADAMS ASPHALT LLC,(304) 579-0573,mobile,,HEDGESVILLE,WV,fmcsa_census_wv,,,,
standard,ADAMS LANDSCAPING INC,(304) 671-1483,mobile,,MARTINSBURG,WV,fmcsa_census_wv,,,,
standard,ADAMS TRUCKING & SUPPLY INC,(304) 617-7436,mobile,,BARBOURSVILLE,WV,fmcsa_census_wv,,,,
standard,ADDAIR TRANSPORT LLC,(304) 785-7477,mobile,,NORTH SPRINGS,WV,fmcsa_census_wv,,,,
standard,ADEN LOGGING II LLC,(304) 992-9109,mobile,,WHITE SULPHUR SPRINGS,WV,fmcsa_census_wv,,,,
standard,ADK2 LLC,(304) 851-6641,mobile,,FISHER,WV,fmcsa_census_wv,,,,
standard,ADKINS DEALERSHIP & INDUSTRIAL SUPPLY LLC,(304) 634-6115,mobile,,HUNTINGTON,WV,fmcsa_census_wv,,,,
standard,ADKINS DISTRIBUTION INC,(304) 237-0559,mobile,,GLEN WHITE,WV,fmcsa_census_wv,,,,
standard,ADKINS FAMILY RV CENTER LLC,(304) 644-5358,mobile,,RIPLEY,WV,fmcsa_census_wv,,,,
standard,ADKINS MECHANICAL AND EQUIPMENT SERVICE LLC,(681) 799-6250,mobile,,ELKVIEW,WV,fmcsa_census_wv,,,,
standard,ADKINS PRE OWNED CARS LLC,(304) 962-1163,mobile,,KENOVA,WV,fmcsa_census_wv,,,,
standard,ADKINS TRANSPORTATION LLC,(304) 590-7582,mobile,,SAINT ALBANS,WV,fmcsa_census_wv,,,,
standard,ADP TRUCKING LLC,(304) 237-1388,mobile,,CRAB ORCHARD,WV,fmcsa_census_wv,,,,
standard,ADT TRUCKING LLC,(304) 635-9677,mobile,,SALEM,WV,fmcsa_census_wv,,,,
standard,ADVANCED HAULING LLC,(304) 296-2558,mobile,,MORGANTOWN,WV,fmcsa_census_wv,,,,
standard,ADVANTAGE COACH LLC,(304) 400-3996,mobile,,CHARLESTON,WV,fmcsa_census_wv,,,,
standard,ADVANTAGE HOME CARE,(304) 587-9994,mobile,,CLAY,WV,fmcsa_census_wv,,,,
standard,ADVANTAGE PRECISION PRODUCTS LLC,(304) 546-1918,mobile,,SUMMERSVILLE,WV,fmcsa_census_wv,,,,
standard,ADVENTURE WV LLC,(304) 640-2453,mobile,,LANSING,WV,fmcsa_census_wv,,,,
standard,ADVERTISING ART SIGN CO INC,(304) 654-1781,mobile,,LAVALETTE,WV,fmcsa_census_wv,,,,
standard,AERIAL PARTS INC,(304) 671-2528,mobile,,HEDGESVILLE,WV,fmcsa_census_wv,,,,
standard,AERO JET POWER WASH CO INC,(304) 634-3920,mobile,,HUNTINGTON,WV,fmcsa_census_wv,,,,
standard,AERO-FAB INC,(304) 654-2883,mobile,,HUNTINGTON,WV,fmcsa_census_wv,,,,
standard,AES TRANSPORT LLC,(304) 887-5534,mobile,,ROCK,WV,fmcsa_census_wv,,,,
standard,AESOP TRUCKING INC,(304) 677-7515,mobile,,PHILIPPI,WV,fmcsa_census_wv,,,,
standard,AFFINITY COMMUNICATIONS LLC,(304) 923-1198,mobile,,SAULSVILLE,WV,fmcsa_census_wv,,,,
standard,AFFORDABLE ASPHALT MAINTENANCE CORPORATION,(304) 210-3984,mobile,,PARKERSBURG,WV,fmcsa_census_wv,,,,
standard,AFFORDABLE CLOSET SYSTEMS LLC,(304) 206-6636,mobile,,WINFIELD,WV,fmcsa_census_wv,,,,
standard,AFFORDABLE GARAGE DOORS LLC,(304) 640-0997,mobile,,DANESE,WV,fmcsa_census_wv,,,,
standard,AFFORDABLE HOMES OF EASTERN WEST VIRGINIA INC,(304) 279-2881,mobile,,FALLING WATERS,WV,fmcsa_census_wv,,,,
standard,AFFORDABLE SPAS LLC,(304) 676-1981,mobile,,BERKELEY SPRINGS,WV,fmcsa_census_wv,,,,
standard,AFFORDABLE TOWING & AUTO REPAIR LLC,(304) 376-0940,mobile,,MORGANTOWN,WV,fmcsa_census_wv,,,,
standard,AFFORDABLE TRAILER & TRUCK REPAIR INC,(304) 894-6002,mobile,,WHITE OAK,WV,fmcsa_census_wv,,,,
standard,AFL-CIO APPALACHIAN COUNCIL HEAD START,(304) 942-5407,mobile,,CHARLESTON,WV,fmcsa_census_wv,,,,
standard,AG LOGGING LLC,(304) 871-3326,mobile,,FRENCH CREEK,WV,fmcsa_census_wv,,,,
standard,AG REPAIR SERVICE,(304) 676-0115,mobile,,MARTINSBURG,WV,fmcsa_census_wv,,,,
standard,AGE TRANSPORTATION LLC,(304) 844-3443,mobile,,MOUNT HOPE,WV,fmcsa_census_wv,,,,
standard,AGGRESSIVE TRUCKING LLC,(304) 621-0113,mobile,,ELKINS,WV,fmcsa_census_wv,,,,
standard,AGL SERVICES LLC,(304) 444-9346,mobile,,COWEN,WV,fmcsa_census_wv,,,,
standard,AGNEW DISTRIBUTION INC,(304) 676-2526,mobile,,MARTINSBURG,WV,fmcsa_census_wv,,,,
standard,AHERN & ASSOCIATES INC,(304) 389-2467,mobile,,SOUTH CHARLESTON,WV,fmcsa_census_wv,,,,
standard,AHMAD MHEIDAT,(304) 703-2137,mobile,,PETERSBURG,WV,fmcsa_census_wv,,,,
standard,AIDE'S DISCOUNT STORE INC,(304) 667-7595,mobile,,RONCEVERTE,WV,fmcsa_census_wv,,,,
standard,AIR COMFORT INC,(304) 989-1220,mobile,,CHARLESTON,WV,fmcsa_census_wv,,,,
standard,AIR REPAIR LLC,(304) 677-9651,mobile,,CLARKSBURG,WV,fmcsa_census_wv,,,,
standard,AIRRYESLOGISTICSLLC,(304) 691-9841,mobile,,HUNTINGTON,WV,fmcsa_census_wv,,,,
standard,AIRXPERTS INC,(304) 545-0791,mobile,,HURRICANE,WV,fmcsa_census_wv,,,,
standard,AJ CONTRACTING LLC,(304) 692-1400,mobile,,MORGANTOWN,WV,fmcsa_census_wv,,,,
standard,AJ MUMAW DISTRIBUTION CO INC,(304) 707-1170,mobile,,RANSON,WV,fmcsa_census_wv,,,,
standard,AJ TRUCKING LLC,(304) 614-2906,mobile,,MASONTOWN,WV,fmcsa_census_wv,,,,
standard,AJM CORPORATION,(304) 619-8513,mobile,,SUMMERSVILLE,WV,fmcsa_census_wv,,,,
standard,AK TRANSPORT LLC,(304) 703-0009,mobile,,PETERSBURG,WV,fmcsa_census_wv,,,,
standard,AK TRUCKING LLC,(304) 834-5333,mobile,,BELLEVILLE,WV,fmcsa_census_wv,,,,
standard,AKA ENTERPRISES INC,(304) 290-9545,mobile,,MORGANTOWN,WV,fmcsa_census_wv,,,,
standard,AKERS FAMILY INVESTMENTS LLC,(304) 952-7845,mobile,,BLUEFIELD,WV,fmcsa_census_wv,,,,
standard,AKERS MAGNETITE INC,(304) 633-0746,mobile,,KENOVA,WV,fmcsa_census_wv,,,,
standard,AKERS TRUCKING INC,(304) 704-0902,mobile,,MONTROSE,WV,fmcsa_census_wv,,,,
standard,AL BUSINESS SOLUTIONS LLC,(304) 240-0097,mobile,,RANSON,WV,fmcsa_census_wv,,,,
standard,AL DO RIGHT SHIPPING LLC,(681) 209-0629,mobile,,MORGANTOWN,WV,fmcsa_census_wv,,,,
standard,AL NOTTINGHAM TRUCKING LLC,(304) 481-3156,mobile,,MINERAL WELLS,WV,fmcsa_census_wv,,,,
standard,ALADDIN SIGNS INC,(304) 794-6543,mobile,,WELLSBURG,WV,fmcsa_census_wv,,,,
standard,ALAN LEE TAYLOR,(304) 481-7583,mobile,,PARKERSBURG,WV,fmcsa_census_wv,,,,
standard,ALAN M SUDER,(304) 677-0088,mobile,,BUCKHANNON,WV,fmcsa_census_wv,,,,
standard,ALAN RANDOLPH,(304) 709-0064,mobile,,LOST CREEK,WV,fmcsa_census_wv,,,,
standard,ALAN'S POOL SERVICE LLC,(304) 939-1027,mobile,,WEST HAMLIN,WV,fmcsa_census_wv,,,,
standard,ALANNAH PARSONS,(304) 710-9820,mobile,,BRANCHLAND,WV,fmcsa_census_wv,,,,
standard,ALBERT BARNETT,(304) 618-0151,mobile,,SUMMERSVILLE,WV,fmcsa_census_wv,,,,
standard,ALBERT E JOHNSON,(304) 288-8679,mobile,,BRUCETON MILLS,WV,fmcsa_census_wv,,,,
standard,ALBERT EUGENE MCATEE,(304) 642-9310,mobile,,HUTTONSVILLE,WV,fmcsa_census_wv,,,,
standard,ALBERT KEVIN HONAKER,(304) 731-0834,mobile,,GLEN DANIEL,WV,fmcsa_census_wv,,,,
standard,ALBERT MAGNONE CONTRACTING AND REMODELING,(304) 670-5318,mobile,,WEIRTON,WV,fmcsa_census_wv,,,,
standard,ALBERT MCKENZIE,(304) 897-5967,mobile,,BAKER,WV,fmcsa_census_wv,,,,
standard,ALBERT SHAFFER TRUCKING INC,(304) 288-5511,mobile,,MASONTOWN,WV,fmcsa_census_wv,,,,
standard,ALBERTS TREE SERVICE INC,(304) 830-1182,mobile,,WHEELING,WV,fmcsa_census_wv,,,,
standard,ALBIN LANDSCAPING,(304) 716-6674,mobile,,PRINCETON,WV,fmcsa_census_wv,,,,
standard,ALBRIGHT OIL INC,(304) 282-9546,mobile,,ALBRIGHT,WV,fmcsa_census_wv,,,,
standard,ALCO STORES INC,(304) 527-4707,mobile,,FOLLANSBEE,WV,fmcsa_census_wv,,,,
standard,ALDERSON BROADDUS UNIVERSITY,(304) 614-4575,mobile,,PHILIPPI,WV,fmcsa_census_wv,,,,
standard,ALDO TORBOLI,(304) 279-6508,mobile,,BUNKER HILL,WV,fmcsa_census_wv,,,,
standard,ALEX SIRBAUGH,(304) 395-2236,mobile,,CHARLESTON,WV,fmcsa_census_wv,,,,
standard,ALEX YOAK,(304) 377-4057,mobile,,NOBE,WV,fmcsa_census_wv,,,,
standard,ALFORD ENTERPRISES INC,(304) 444-0455,mobile,,CHARLESTON,WV,fmcsa_census_wv,,,,
standard,ALFRED CONSTRUCTION INC,(304) 677-3703,mobile,,BRIDGEPORT,WV,fmcsa_census_wv,,,,
standard,ALFRED S HOOPENGARNER,(304) 288-0287,mobile,,MORGANTOWN,WV,fmcsa_census_wv,,,,
standard,ALI CO,(304) 216-8108,mobile,,KINGWOOD,WV,fmcsa_census_wv,,,,
standard,ALICE GUMP,(304) 238-6645,mobile,,MOUNDSVILLE,WV,fmcsa_census_wv,,,,
standard,ALIO HOME IMPROVEMENTS LLC,(304) 582-7591,mobile,,MARTINSBURG,WV,fmcsa_census_wv,,,,
standard,ALISA ARNEE POLING,(304) 704-2017,mobile,,PARSONS,WV,fmcsa_census_wv,,,,
standard,ALL 4 EXCAVATING LLC,(304) 822-0402,mobile,,CAPON BRIDGE,WV,fmcsa_census_wv,,,,
standard,ALL 4 EXCAVATING LLC,(304) 359-0310,mobile,,CAPON BRIDGE,WV,fmcsa_census_wv,,,,
standard,ALL AMERICAN SEPTIC SERVICES LLC,(681) 910-9477,mobile,,CHARLESTON,WV,fmcsa_census_wv,,,,
standard,ALL DAY EVERYDAY TRANSPORTATION LLC,(681) 753-6252,mobile,,MARTINSBURG,WV,fmcsa_census_wv,,,,
standard,ALL IN 1ONE LOGISTICS LLC,(304) 716-0018,mobile,,MARTINSBURG,WV,fmcsa_census_wv,,,,
standard,ALL IN TOWING AND RECOVERY LLC,(304) 282-2416,mobile,,ELKINS,WV,fmcsa_census_wv,,,,
standard,ALL JIREH INC,(304) 545-0402,mobile,,HURRICANE,WV,fmcsa_census_wv,,,,
standard,ALL MED LLC,(304) 419-1779,mobile,,CROSS LANES,WV,fmcsa_census_wv,,,,
standard,ALL OURS TOWING & AUTO SERVICES LLC,(304) 257-7085,mobile,,PETERSBURG,WV,fmcsa_census_wv,,,,
standard,ALL POWER ELECTRICAL CONTRACTORS L L C,(304) 488-0025,mobile,,PARKERSBURG,WV,fmcsa_census_wv,,,,
standard,ALL SEASON LOGISTICS INC,(304) 222-5793,mobile,,BECKLEY,WV,fmcsa_census_wv,,,,
standard,ALL SEASON SERVICES LLC,(304) 692-6683,mobile,,MORGANTOWN,WV,fmcsa_census_wv,,,,
standard,ALL SEASONS LANDSCAPING LLC,(304) 813-9036,mobile,,RIDGELEY,WV,fmcsa_census_wv,,,,
standard,ALL TERRAIN EXCAVATING LLC,(304) 671-7703,mobile,,HEDGESVILLE,WV,fmcsa_census_wv,,,,
standard,ALL YEAR SPORTS GALAXY LLC,(304) 280-6256,mobile,,WHEELING,WV,fmcsa_census_wv,,,,
standard,ALL YOUR NEEDS TREE SERVICE LLC,(681) 319-5751,mobile,,ELKVIEW,WV,fmcsa_census_wv,,,,
standard,ALL-CON LLC,(304) 731-0190,mobile,,BEAVER,WV,fmcsa_census_wv,,,,
standard,ALL-IN-1 STORAGE LLC,(304) 320-2345,mobile,,BLUEFIELD,WV,fmcsa_census_wv,,,,
standard,ALL-IN-ONE CONSTRUCTION INC,(304) 880-3841,mobile,,MT NEBO,WV,fmcsa_census_wv,,,,
standard,ALL-WAYS PAVING INC,(304) 481-0253,mobile,,DAVISVILLE,WV,fmcsa_census_wv,,,,
standard,ALLAN BENTLEY,(304) 890-3935,mobile,,HINTON,WV,fmcsa_census_wv,,,,
standard,ALLAN D STRAWSER,(304) 288-4836,mobile,,AURORA,WV,fmcsa_census_wv,,,,
standard,ALLAN Z LOY,(304) 813-4471,mobile,,SHANKS,WV,fmcsa_census_wv,,,,
standard,ALLEGHENY WOOD PRODUCTS INC,(304) 257-8160,mobile,,PETERSBURG,WV,fmcsa_census_wv,,,,
standard,ALLEN B CASTO,(304) 532-9505,mobile,,COTTAGEVILLE,WV,fmcsa_census_wv,,,,
standard,ALLEN BURT CALHOUN,(304) 668-1657,mobile,,UPPER TRACT,WV,fmcsa_census_wv,,,,
standard,ALLEN D LEE,(304) 613-8620,mobile,,BUCKLANNON,WV,fmcsa_census_wv,,,,
standard,ALLEN D MONROE,(304) 914-9390,mobile,,COLLIERS,WV,fmcsa_census_wv,,,,
standard,ALLEN D WILLIAMS,(304) 228-2464,mobile,,BEAVER,WV,fmcsa_census_wv,,,,
standard,ALLEN DEWAYNE LEWIS,(304) 771-0625,mobile,,PADEN CITY,WV,fmcsa_census_wv,,,,
standard,ALLEN E NICHOLSON,(304) 698-5595,mobile,,REEDSVILLE,WV,fmcsa_census_wv,,,,
standard,ALLEN HOMES LLC,(304) 676-7006,mobile,,BERKELEY SPGS,WV,fmcsa_census_wv,,,,
standard,ALLEN MANSBERGER LLC,(304) 288-1289,mobile,,MORGANTOWN,WV,fmcsa_census_wv,,,,
standard,ALLEN RANDOLPH KIRK,(304) 661-1391,mobile,,RONCEVERTE,WV,fmcsa_census_wv,,,,
standard,ALLEN SMITH SALES & SERVICE LLC,(304) 377-3240,mobile,,ARNOLDSBURG,WV,fmcsa_census_wv,,,,
standard,ALLEN TRANSPORT,(304) 545-7986,mobile,,RED HOUSE,WV,fmcsa_census_wv,,,,
standard,ALLEN TRANSPORT LLC,(304) 382-4232,mobile,,RED HOUSE,WV,fmcsa_census_wv,,,,
standard,ALLEN TYREE,(304) 481-0884,mobile,,MINERAL WELLS,WV,fmcsa_census_wv,,,,
standard,ALLEN W HAMPTON,(304) 952-6540,mobile,,PRINCETON,WV,fmcsa_census_wv,,,,
standard,ALLEN W WILLIS,(304) 813-6100,mobile,,KEYSER,WV,fmcsa_census_wv,,,,
standard,ALLENS PAVING MAINTENANCE,(304) 613-8280,mobile,,BUCKHANNON,WV,fmcsa_census_wv,,,,
standard,ALLENS SCRAP SERVICE LLC,(304) 552-6778,mobile,,CHARLESTON,WV,fmcsa_census_wv,,,,
standard,ALLEY CAT SIGNS INC,(304) 416-2512,mobile,,LAVALETTE,WV,fmcsa_census_wv,,,,
standard,ALLFENCE COMPANY LLC,(304) 904-8663,mobile,,PENNSBORO,WV,fmcsa_census_wv,,,,
standard,ALLIED CONSTRUCTION GROUP OF WEST VIRGINIA LLC,(304) 419-2954,mobile,,ELKVIEW,WV,fmcsa_census_wv,,,,
standard,ALLIED GROUP LLC,(304) 709-3737,mobile,,BUCKHANNON,WV,fmcsa_census_wv,,,,
standard,ALLIED PROCESSING SERVICES INC,(304) 654-7361,mobile,,HUNTINGTON,WV,fmcsa_census_wv,,,,
standard,ALLIED TRANSPORTATION SERVICES COMPANY,(304) 654-9246,mobile,,HUNTINGTON,WV,fmcsa_census_wv,,,,
standard,ALLSTATE ENERGY CORPORATION,(304) 477-3371,mobile,,MAHONE,WV,fmcsa_census_wv,,,,
standard,ALLSTATE WRECKER RECOVERY & USED CAR SALES LLC,(304) 206-1555,mobile,,ST ALBANS,WV,fmcsa_census_wv,,,,
standard,ALLTEK ENVIRONMENTAL SERVICES LLC,(304) 593-1881,mobile,,POINT PLEASANT,WV,fmcsa_census_wv,,,,
standard,ALMOST HEAVEN COACHES LLC,(304) 640-1003,mobile,,LANSING,WV,fmcsa_census_wv,,,,
standard,ALMOST HEAVEN DELIVERY EXPRESS,(304) 932-6743,mobile,,CHARLESTON,WV,fmcsa_census_wv,,,,
standard,ALMOST HEAVEN EXCAVATION LLC,(304) 956-0286,mobile,,CALDWELL,WV,fmcsa_census_wv,,,,
standard,ALPHA ENTERPRISES LLC,(304) 268-4061,mobile,,BERKELEY SPRINGS,WV,fmcsa_census_wv,,,,
standard,ALPHA INC,(304) 785-1774,mobile,,RIPLEY,WV,fmcsa_census_wv,,,,
standard,ALPHA PAVING LLC,(681) 900-3884,mobile,,BERKELEY SPRINGS,WV,fmcsa_census_wv,,,,
standard,ALPHA TOWING LLC,(304) 308-8759,mobile,,PRINCETON,WV,fmcsa_census_wv,,,,
standard,ALTA RESOURCES LLC,(304) 646-2733,mobile,,ASBURY,WV,fmcsa_census_wv,,,,
standard,ALTERNATIVE BUILDING CONCEPTS INC,(304) 544-2595,mobile,,HUNTINGTON,WV,fmcsa_census_wv,,,,
standard,ALTON GUE,(304) 417-0817,mobile,,BARBOURSVILLE,WV,fmcsa_census_wv,,,,
standard,ALTON RICHARD GROVE,(304) 433-9450,mobile,,KEARNEYSVILLE,WV,fmcsa_census_wv,,,,
standard,ALTY ENTERPRISES,(304) 710-0701,mobile,,KENOVA,WV,fmcsa_census_wv,,,,
standard,ALUMINUM PRODUCTS LLC,(304) 612-3138,mobile,,FAIRMONT,WV,fmcsa_census_wv,,,,
standard,ALUMINUM SERVICE CENTER INC,(304) 483-1734,mobile,,ELLENBORO,WV,fmcsa_census_wv,,,,
standard,ALVA A NELSON JR,(304) 642-2007,mobile,,HARMAN,WV,fmcsa_census_wv,,,,
standard,ALVIN J PHILLIPS,(304) 839-7710,mobile,,BUNKER HILL,WV,fmcsa_census_wv,,,,
standard,ALVRA ADAMS,(304) 360-1369,mobile,,GENOA,WV,fmcsa_census_wv,,,,
standard,AMBASSADORS FOR CHRIST FELLOWSHIP,(304) 698-6336,mobile,,TUNNELTON,WV,fmcsa_census_wv,,,,
standard,AMBERLYNN LLC,(304) 279-7159,mobile,,BUNKER HILL,WV,fmcsa_census_wv,,,,
standard,AMC TRANSPORT LLC,(304) 904-7494,mobile,,KINGWOOD,WV,fmcsa_census_wv,,,,
standard,AMCOR INC,(304) 552-5776,mobile,,AMMA,WV,fmcsa_census_wv,,,,
standard,AMCOX OIL AND GAS LLC,(304) 553-3170,mobile,,HAMLIN,WV,fmcsa_census_wv,,,,
standard,AMD LLC,(304) 559-8725,mobile,,WEIRTON,WV,fmcsa_census_wv,,,,
standard,AMERICA LOGISTICS LLC,(304) 520-2966,mobile,,GAP MILLS,WV,fmcsa_census_wv,,,,
standard,AMERICAN AMISH CO LLC,(304) 279-9709,mobile,,MARTINSBURG,WV,fmcsa_census_wv,,,,
standard,AMERICAN ASSOCIATES LLC,(304) 784-9549,mobile,,WILLIAMSON,WV,fmcsa_census_wv,,,,
standard,AMERICAN BLASTING CONSUMABLES INC,(681) 313-7011,mobile,,CHARLESTON,WV,fmcsa_census_wv,,,,
standard,AMERICAN BLOCK COMPANY INC,(304) 716-1394,mobile,,PRINCETON,WV,fmcsa_census_wv,,,,
standard,AMERICAN BUILDING SYSTEMS INC,(304) 546-9816,mobile,,HURRICANE,WV,fmcsa_census_wv,,,,
standard,AMERICAN CLEAN AIR INC,(304) 834-6310,mobile,,PARKERSBURG,WV,fmcsa_census_wv,,,,
standard,AMERICAN ENERGY CONTRACTORS LLC,(304) 545-1548,mobile,,HUNTINGTON,WV,fmcsa_census_wv,,,,
standard,AMERICAN EQUIPMENT GROUP LLC,(304) 923-4056,mobile,,DANIELS,WV,fmcsa_census_wv,,,,
standard,AMERICAN FENCE COMPANY LLC,(304) 288-6445,mobile,,FAIRMONT,WV,fmcsa_census_wv,,,,
standard,AMERICAN GUTTER LLC,(304) 279-6970,mobile,,MARTINSBURG,WV,fmcsa_census_wv,,,,
standard,AMERICAN HAULING LLC,(304) 694-3856,mobile,,FARMINGTON,WV,fmcsa_census_wv,,,,
standard,AMERICAN LOGISTICS LLC,(304) 741-2949,mobile,,WINFIELD,WV,fmcsa_census_wv,,,,
standard,AMERICAN MEDICAL INDUSTRIAL SUPPLY SYSTEMS INC,(304) 417-0262,mobile,,HUNTINGTON,WV,fmcsa_census_wv,,,,
standard,AMERICAN MINE POWER INC,(304) 890-5924,mobile,,CRAB ORCHARD,WV,fmcsa_census_wv,,,,
standard,AMERICAN PLATE GLASS INC,(304) 422-0006,mobile,,PARKERSBURG,WV,fmcsa_census_wv,,,,
standard,AMERICAN RECOVERY AND TRANSPORT,(304) 731-0505,mobile,,SANDSTONE,WV,fmcsa_census_wv,,,,
standard,AMERICAN REFRACTORY COMPANY LLC,(304) 237-3348,mobile,,MOUNT HOPE,WV,fmcsa_census_wv,,,,
standard,AMERICAN STAGE LIGHTING INC,(304) 767-4071,mobile,,CHARLESTON,WV,fmcsa_census_wv,,,,
standard,AMERICAN TENT LLC,(304) 260-6304,mobile,,CHARLES TOWN,WV,fmcsa_census_wv,,,,
standard,AMERICAN WELL SERVICE INC,(304) 360-3598,mobile,,LAVALETTE,WV,fmcsa_census_wv,,,,
standard,AMERICAN-CANADIAN EXPEDITIONS LTD,(304) 640-1595,mobile,,MINDEN,WV,fmcsa_census_wv,,,,
standard,AMERICRANE LTD CO,(304) 238-3114,mobile,,WHEELING,WV,fmcsa_census_wv,,,,
standard,AMERICUS EUGENE QUAGLIO,(304) 283-7958,mobile,,MARTINSBURG,WV,fmcsa_census_wv,,,,
standard,AMICKS TRANSPORT LLC,(304) 619-2552,mobile,,NETTIE,WV,fmcsa_census_wv,,,,
standard,AMICKS UNLIMITED INC,(304) 619-4877,mobile,,NETTIE,WV,fmcsa_census_wv,,,,
standard,AMISH COUNTRY BARNS & SHEDS LLC,(304) 777-9550,mobile,,MORGANTOWN,WV,fmcsa_census_wv,,,,
standard,AMISH HANDS LLC,(304) 563-6704,mobile,,KENOVA,WV,fmcsa_census_wv,,,,
standard,AMMON A BURLEY JR,(304) 904-1447,mobile,,CAMERON,WV,fmcsa_census_wv,,,,
standard,AMOS PAVING AND EXCAVATING,(304) 641-5428,mobile,,BRIDGEPORT,WV,fmcsa_census_wv,,,,
standard,AMS AT YOUR DOOR,(304) 820-8887,mobile,,BERKELEY SPRINGS,WV,fmcsa_census_wv,,,,
standard,ANCANCO LLC,(304) 621-2738,mobile,,MONTROSE,WV,fmcsa_census_wv,,,,
standard,ANCHOR WORKS LLC,(304) 677-3000,mobile,,CLARKSBURG,WV,fmcsa_census_wv,,,,
standard,ANCHORED ROCK LLC,(304) 890-3337,mobile,,ODD,WV,fmcsa_census_wv,,,,
standard,ANDERSON AGRI SERVICES LLC,(304) 647-8433,mobile,,LEWISBURG,WV,fmcsa_census_wv,,,,
standard,ANDERSON DISTRIBUTING,(304) 809-1041,mobile,,PRINCETON,WV,fmcsa_census_wv,,,,
standard,ANDREW ALLEN,(304) 377-9223,mobile,,GAY,WV,fmcsa_census_wv,,,,
standard,ANDREW C LUCAS,(304) 288-9446,mobile,,TUNNELTON,WV,fmcsa_census_wv,,,,
standard,ANDREW D LIFE,(304) 893-2489,mobile,,MINERAL WELLS,WV,fmcsa_census_wv,,,,
standard,ANDREW H DUDLEY SR,(304) 874-4303,mobile,,WARDENSVILLE,WV,fmcsa_census_wv,,,,
standard,ANDREW J VARNER,(304) 280-4192,mobile,,WHEELING,WV,fmcsa_census_wv,,,,
standard,ANDREW M HINKLE,(304) 668-2512,mobile,,RIVERTON,WV,fmcsa_census_wv,,,,
standard,ANDREWS FOOD EQUIPMENT LLC,(304) 541-7489,mobile,,DUNBAR,WV,fmcsa_census_wv,,,,
standard,ANDRUE CSUTOROS,(304) 376-6700,mobile,,MORGANTOWN,WV,fmcsa_census_wv,,,,
standard,ANDY ADKINS JR,(304) 651-7091,mobile,,PROCIOUS,WV,fmcsa_census_wv,,,,
standard,ANDY E BROWN,(304) 992-5775,mobile,,RENICK,WV,fmcsa_census_wv,,,,
standard,ANEMOI LLC,(304) 276-5227,mobile,,MORGANTOWN,WV,fmcsa_census_wv,,,,
standard,ANGEL EYES ENTERPRISES LLC,(304) 288-4860,mobile,,BRUCETON MILLS,WV,fmcsa_census_wv,,,,
standard,ANGELA DENISE HANSON,(304) 779-4008,mobile,,DEEPWATER,WV,fmcsa_census_wv,,,,
standard,ANGELA DICKERSON,(304) 654-9279,mobile,,WAYNE,WV,fmcsa_census_wv,,,,
standard,ANGELA M LAWSON & JOEY LAWSON,(304) 654-3140,mobile,,GENOA,WV,fmcsa_census_wv,,,,
standard,ANGELA SMITH,(304) 488-2259,mobile,,PALESTINE,WV,fmcsa_census_wv,,,,
standard,ANGELS AUTO TRANSPORT LLC,(304) 741-2086,mobile,,CROSS LANES,WV,fmcsa_census_wv,,,,
standard,ANGIE WELLS,(304) 995-1637,mobile,,MARTINSBURG,WV,fmcsa_census_wv,,,,
standard,ANITA COX,(304) 575-2903,mobile,,FLAT TOP,WV,fmcsa_census_wv,,,,
standard,ANM TOWING TRANSPORT & SERVICES LLC,(304) 982-1685,mobile,,HURRICANE,WV,fmcsa_census_wv,,,,
standard,ANSEL LOGGING LLC,(304) 813-4775,mobile,,SPRINGFIELD,WV,fmcsa_census_wv,,,,
standard,ANTERO RESOURCES CORPORATION,(304) 842-4179,mobile,,BRIDGEPORT,WV,fmcsa_census_wv,,,,
standard,ANTHONY AMENTA,(304) 676-0944,mobile,,MARTINSBURG,WV,fmcsa_census_wv,,,,
standard,ANTHONY AYERS,(304) 786-0004,mobile,,WEST UNION,WV,fmcsa_census_wv,,,,
standard,ANTHONY C FLESHMAN,(304) 543-3578,mobile,,CHARLESTON,WV,fmcsa_census_wv,,,,
standard,ANTHONY COFFMAN,(304) 209-0622,mobile,,ROMNEY,WV,fmcsa_census_wv,,,,
standard,ANTHONY CONRAD,(304) 997-1715,mobile,,ORLANDO,WV,fmcsa_census_wv,,,,
standard,ANTHONY D JENKINS,(304) 692-0636,mobile,,ALBRIGHT,WV,fmcsa_census_wv,,,,
standard,ANTHONY D MCCOY,(304) 644-7462,mobile,,WEBSTER SPRINGS,WV,fmcsa_census_wv,,,,
standard,ANTHONY D PAYNTER,(304) 894-4647,mobile,,HANOVER,WV,fmcsa_census_wv,,,,
standard,ANTHONY DOTSON,(304) 880-3378,mobile,,MOUNT NEBO,WV,fmcsa_census_wv,,,,
standard,ANTHONY ERWIN,(304) 264-6494,mobile,,HEDGESVILLE,WV,fmcsa_census_wv,,,,
standard,ANTHONY GRAHAM,(304) 888-5878,mobile,,PRINCETON,WV,fmcsa_census_wv,,,,
standard,ANTHONY HAMILTON,(304) 972-4314,mobile,,APPLE GROVE,WV,fmcsa_census_wv,,,,
standard,ANTHONY LUCAS,(304) 382-5527,mobile,,SOUTH CHARLESTON,WV,fmcsa_census_wv,,,,
standard,ANTHONY M HANNAH,(304) 415-8306,mobile,,WHITESVILLE,WV,fmcsa_census_wv,,,,
standard,ANTHONY MASTURZO,(304) 612-0650,mobile,,MANNINGTON,WV,fmcsa_census_wv,,,,
standard,ANTHONY MATHES,(304) 619-8957,mobile,,COWEN,WV,fmcsa_census_wv,,,,
standard,ANTHONY OR BRANDI COEBURN,(304) 952-9699,mobile,,ROCK,WV,fmcsa_census_wv,,,,
standard,ANTHONY SHANE BRACKETT,(304) 261-1619,mobile,,KEARNEYSVILLE,WV,fmcsa_census_wv,,,,
standard,ANTHONY T CLINE,(304) 785-7830,mobile,,HANOVER,WV,fmcsa_census_wv,,,,
standard,ANTHONY THOMAS TRUCKING LLC,(304) 640-8355,mobile,,MOUNT HOPE,WV,fmcsa_census_wv,,,,
standard,ANTHONY X ENTERPRISES INC,(304) 906-6464,mobile,,MORGANTOWN,WV,fmcsa_census_wv,,,,
standard,ANTHONY'S CONTRACTING LLC,(304) 550-4251,mobile,,ST ALBANS,WV,fmcsa_census_wv,,,,
standard,ANTIQUE CABINS AND BARNS LLC,(304) 645-7612,mobile,,WHITE SULPHUR SPRINGS,WV,fmcsa_census_wv,,,,
standard,ANYTIME TRUCKING LLC,(304) 997-2544,mobile,,ELKINS,WV,fmcsa_census_wv,,,,
standard,APCO ENERGY INC,(304) 893-2228,mobile,,ST MARYS,WV,fmcsa_census_wv,,,,
standard,APE YARD TRUCKING LLC,(304) 881-7308,mobile,,BELLE,WV,fmcsa_census_wv,,,,
standard,APEX PIPELINE SERVICES INC,(304) 542-7473,mobile,,NITRO,WV,fmcsa_census_wv,,,,
standard,APEX TREE WORKS LLC,(304) 322-1222,mobile,,FAIRMONT,WV,fmcsa_census_wv,,,,
standard,APLICARE INC,(304) 638-9069,mobile,,PRICHARD,WV,fmcsa_census_wv,,,,
standard,APOLLO MACHINE & MFG INC,(304) 687-8438,mobile,,LOGAN,WV,fmcsa_census_wv,,,,
standard,APP LTD,(304) 671-3928,mobile,,BERKELEY SPRINGS,WV,fmcsa_census_wv,,,,
standard,APPALACHIA GENERAL CONTRACTING LLC,(304) 395-8623,mobile,,SAINT ALBANS,WV,fmcsa_census_wv,,,,
standard,APPALACHIA TOWING & RECOVERY INCORPORATED,(304) 253-9212,mobile,,BECKLEY,WV,fmcsa_census_wv,,,,
standard,APPALACHIAN AGGREGATES LLC,(304) 646-4788,mobile,,LEWISBURG,WV,fmcsa_census_wv,,,,
standard,APPALACHIAN CONTRACTING COMPANY LLC,(304) 389-9428,mobile,,IVYDALE,WV,fmcsa_census_wv,,,,
standard,APPALACHIAN DELIVERY SERVICE,(304) 651-7359,mobile,,ANSTED,WV,fmcsa_census_wv,,,,
standard,APPALACHIAN DIRT WORKS INC,(304) 667-7116,mobile,,WHITE SULPHUR SPRINGS,WV,fmcsa_census_wv,,,,
standard,APPALACHIAN DIRTWORKS AND PROPERTY MAINTENANCE LLC,(304) 654-4277,mobile,,CULLODEN,WV,fmcsa_census_wv,,,,
standard,APPALACHIAN EARTHWORKS AND TRUCKING LLC,(304) 956-0418,mobile,,RONCEVERTE,WV,fmcsa_census_wv,,,,
standard,APPALACHIAN EQUIPMENT SOLUTIONS INC,(304) 613-2652,mobile,,JANE LEW,WV,fmcsa_census_wv,,,,
standard,APPALACHIAN EXPRESS LLC,(304) 940-5996,mobile,,ELKINS,WV,fmcsa_census_wv,,,,
standard,APPALACHIAN HOME IMPROVEMENT LLC,(304) 904-9895,mobile,,CLARKSBURG,WV,fmcsa_census_wv,,,,
standard,APPALACHIAN HYDRO TESTING LLC,(304) 222-2201,mobile,,SUMMERSVILLE,WV,fmcsa_census_wv,,,,
standard,APPALACHIAN HYDROSEEDING INC,(304) 546-5115,mobile,,NITRO,WV,fmcsa_census_wv,,,,
standard,APPALACHIAN LAND MANAGEMENT LLC,(304) 517-7246,mobile,,WESTON,WV,fmcsa_census_wv,,,,
standard,APPALACHIAN LAWN & LANDSCAPING LLC,(304) 552-5296,mobile,,SCOTT DEPOT,WV,fmcsa_census_wv,,,,
standard,APPALACHIAN LEASING INC,(304) 888-1030,mobile,,PRINCETON,WV,fmcsa_census_wv,,,,
standard,APPALACHIAN LOGISTICS LLC,(304) 654-7939,mobile,,LEON,WV,fmcsa_census_wv,,,,
standard,APPALACHIAN MACHINE INC,(304) 710-5665,mobile,,SALT ROCK,WV,fmcsa_census_wv,,,,
standard,APPALACHIAN MOBILE HOMES INC,(304) 920-6008,mobile,,PRINCETON,WV,fmcsa_census_wv,,,,
standard,APPALACHIAN MOBILE STORAGE SYSTEMS,(304) 702-2512,mobile,,AUGUSTA,WV,fmcsa_census_wv,,,,
standard,APPALACHIAN ORCHARD CO,(304) 676-4552,mobile,,MARTINSBURG,WV,fmcsa_census_wv,,,,
standard,APPALACHIAN PIPING PRODUCTS INC,(304) 588-3398,mobile,,GLENVILLE,WV,fmcsa_census_wv,,,,
standard,APPALACHIAN ROOF COMPANY LLC,(304) 925-4659,mobile,,CHARLESTON,WV,fmcsa_census_wv,,,,
standard,APPALACHIAN SEAMLESS LLC,(304) 376-6833,mobile,,MORGANTOWN,WV,fmcsa_census_wv,,,,
standard,APPALACHIAN SHIPPING COMPANY LLC,(304) 667-8425,mobile,,SECONDCREEK,WV,fmcsa_census_wv,,,,
standard,APPALACHIAN STONE LLC,(304) 688-7449,mobile,,LOGAN,WV,fmcsa_census_wv,,,,
standard,APPALACHIAN STREAM RESTORATION,(304) 310-2296,mobile,,SUMERCO,WV,fmcsa_census_wv,,,,
standard,APPALACHIAN TEEN CHALLENGE INC,(304) 320-6134,mobile,,PRINCETON,WV,fmcsa_census_wv,,,,
standard,APPALACHIAN TREE CARE,(681) 220-4941,mobile,,DANIELS,WV,fmcsa_census_wv,,,,
standard,APPALACHIAN UNDERGROUND LLC,(304) 203-4623,mobile,,ELKINS,WV,fmcsa_census_wv,,,,
standard,APPLACHIAN PAVING AND AGGREGATE LLC,(304) 475-4832,mobile,,MYRTLE,WV,fmcsa_census_wv,,,,
standard,APPLE VALLEY WASTE SERVICES OF MARYLAND INC,(304) 634-3444,mobile,,MILTON,WV,fmcsa_census_wv,,,,
standard,APPLE VALLEY WASTE SERVICES OF MARYLAND INC,(304) 261-1490,mobile,,KEARNEYSVILLE,WV,fmcsa_census_wv,,,,
standard,AQUA RYDERZ TOWING LLC,(304) 619-1128,mobile,,SUMMERSVILLE,WV,fmcsa_census_wv,,,,
standard,AQUAFIX SYSTEMS INC,(304) 282-1801,mobile,,KINGWOOD,WV,fmcsa_census_wv,,,,
standard,ARACOMA READY MIX INC,(304) 834-0495,mobile,,RAVENSWOOD,WV,fmcsa_census_wv,,,,
standard,ARBOR PRO TREE SERVICE LLC,(304) 320-4075,mobile,,BLUEFIELD,WV,fmcsa_census_wv,,,,
standard,ARC ENERGY & POWER INC,(304) 677-2370,mobile,,FAIRMONT,WV,fmcsa_census_wv,,,,
standard,ARCHIE ADKINS,(304) 481-5317,mobile,,PALESTINE,WV,fmcsa_census_wv,,,,
standard,ARCHIE BASSHAM TRUCKING INC,(304) 552-9257,mobile,,SETH,WV,fmcsa_census_wv,,,,
standard,ARCHIE W BAKER,(304) 376-4314,mobile,,MASONTOWN,WV,fmcsa_census_wv,,,,
standard,ARCHIE W STEPHENS,(304) 634-3134,mobile,,WAYNE,WV,fmcsa_census_wv,,,,
standard,ARCHITECTURAL INTERIOR PRODUCTS INC,(304) 741-2850,mobile,,PARKERSBURG,WV,fmcsa_census_wv,,,,
standard,ARDEN EQUIPMENT REPAIR INC,(304) 671-1461,mobile,,MARTINSBURG,WV,fmcsa_census_wv,,,,
standard,AREAGO OILFIELD SERVICES LLC,(304) 413-5501,mobile,,MORGANTOWN,WV,fmcsa_census_wv,,,,
standard,ARGO TRUCKING LLC,(304) 888-4296,mobile,,WELCH,WV,fmcsa_census_wv,,,,
standard,ARGYLE D FISHER II,(304) 532-7104,mobile,,RAVENSWOOD,WV,fmcsa_census_wv,,,,
standard,ARGYLE K DOBBINS JR,(304) 364-5301,mobile,,GASSAWAY,WV,fmcsa_census_wv,,,,
standard,ARISTOCRAT CASKET & VAULT INC,(304) 669-9434,mobile,,CLARKSBURG,WV,fmcsa_census_wv,,,,
standard,ARK CONSTRUCTION,(304) 376-2448,mobile,,THORNTON,WV,fmcsa_census_wv,,,,
standard,ARK ENERGY LTD CO,(304) 382-1222,mobile,,CHARLESTON,WV,fmcsa_census_wv,,,,
standard,ARK LIVESTOCK COMPANY LLC,(304) 921-6019,mobile,,PRINCETON,WV,fmcsa_census_wv,,,,
standard,ARLEY L MOATS,(304) 644-4774,mobile,,WEBSTER SPRINGS,WV,fmcsa_census_wv,,,,
standard,ARMSTRONG & BAGEANT PALLET RECYCLING LLC,(304) 240-5986,mobile,,HARPERS FERRY,WV,fmcsa_census_wv,,,,
standard,ARNETTA WORRELL,(304) 320-8090,mobile,,PRINCETON,WV,fmcsa_census_wv,,,,
standard,ARNOLD S DEMPSEY JR,(304) 633-6409,mobile,,BLUEFIELD,WV,fmcsa_census_wv,,,,
standard,ARNOLD SHAMBLIN BUILDERS,(304) 741-0930,mobile,,CROSS LANES,WV,fmcsa_census_wv,,,,
standard,ARNOLD SHORTRIDGE,(304) 647-0825,mobile,,ALDERSON,WV,fmcsa_census_wv,,,,
standard,ARNOLD ZIRK,(304) 813-9093,mobile,,WILEY FORD,WV,fmcsa_census_wv,,,,
standard,AROUND THE FARM STORES INC,(304) 542-9464,mobile,,RIPLEY,WV,fmcsa_census_wv,,,,
standard,ARREL TRANSPORTATION LLC,(304) 290-8005,mobile,,THOMAS,WV,fmcsa_census_wv,,,,
standard,ARROW CONCRETE COMPANY,(304) 834-0944,mobile,,VIENNA,WV,fmcsa_census_wv,,,,
standard,ARROW SURPLUS & STORAGE LLC,(304) 989-2706,mobile,,LEWISBURG,WV,fmcsa_census_wv,,,,
standard,ARROWHEAD LOGISTICS LLC,(304) 995-8019,mobile,,INWOOD,WV,fmcsa_census_wv,,,,
standard,ARROWSMITH OF WEST VIRGINIA,(304) 312-2351,mobile,,WHEELING,WV,fmcsa_census_wv,,,,
standard,ART FORD BUILDER CONTRACTOR LLC,(304) 692-5760,mobile,,MORGANTOWN,WV,fmcsa_census_wv,,,,
standard,ART MURRAY,(304) 276-2625,mobile,,MORGANTOWN,WV,fmcsa_census_wv,,,,
standard,ART TRANSPORT LLC,(304) 703-4761,mobile,,SHANKS,WV,fmcsa_census_wv,,,,
standard,ARTHUR J LAMBERT,(304) 481-6501,mobile,,WASHINGTON,WV,fmcsa_census_wv,,,,
standard,ARTHUR Q PEER,(304) 268-9080,mobile,,BERKELEY SPRINGS,WV,fmcsa_census_wv,,,,
standard,ARTHUR T JERIN JR,(304) 274-6873,mobile,,FALLING WATERS,WV,fmcsa_census_wv,,,,
standard,ARTHUR T LOVEJOY,(304) 654-7355,mobile,,ONA,WV,fmcsa_census_wv,,,,
standard,ARTISTREES LLC,(304) 575-6778,mobile,,HICO,WV,fmcsa_census_wv,,,,
standard,ARVIL BRANDON WARD,(304) 444-0387,mobile,,LEON,WV,fmcsa_census_wv,,,,
standard,ARVIL STEELE JR,(304) 887-0462,mobile,,PRINCETON,WV,fmcsa_census_wv,,,,
standard,ARVIL WARD,(304) 859-2716,mobile,,HARRISVILLE,WV,fmcsa_census_wv,,,,
standard,ARVILLA LLC,(304) 210-7770,mobile,,SAINT MARYS,WV,fmcsa_census_wv,,,,
standard,ARZA O WRIGHT,(304) 672-1382,mobile,,BRIDGEPORT,WV,fmcsa_census_wv,,,,
standard,ASAP POWDER COATING INC,(304) 491-8495,mobile,,FALLING WATERS,WV,fmcsa_census_wv,,,,
standard,ASAP TOWING AND RECOVERY LLC,(304) 619-3057,mobile,,CLAY,WV,fmcsa_census_wv,,,,
standard,ASAP TRUCKING LLC,(304) 651-3740,mobile,,BURNSVILLE,WV,fmcsa_census_wv,,,,
standard,ASCEND TRANSPORT LLC,(304) 543-7665,mobile,,S CHARLESTON,WV,fmcsa_census_wv,,,,
standard,ASCENT SOLUTIONS LLC,(304) 933-3463,mobile,,BRIDGEPORT,WV,fmcsa_census_wv,,,,
standard,ASH BLOCK INC,(304) 545-6111,mobile,,CHARLESTON,WV,fmcsa_census_wv,,,,
standard,ASH HOME IMPROVEMENTS INC,(304) 641-1269,mobile,,SALEM,WV,fmcsa_census_wv,,,,
standard,ASHBY'S PRE OWNED AUTOS INC,(304) 421-0277,mobile,,CHARLESTON,WV,fmcsa_census_wv,,,,
standard,ASHCO-A-CORPORATION,(304) 826-0488,mobile,,MORGANTOWN,WV,fmcsa_census_wv,,,,
standard,ASHCRAFT BROTHERS COMMUNICATIONS INC,(304) 203-3160,mobile,,SALEM,WV,fmcsa_census_wv,,,,
standard,ASHLEY ACRES JERRY TETRICK,(304) 671-1469,mobile,,FALLING WATERS,WV,fmcsa_census_wv,,,,
standard,ASHLEY'S RECYCLING LLC,(304) 481-0901,mobile,,MINERAL WELLS,WV,fmcsa_census_wv,,,,
standard,ASHTON FARMS LLC,(304) 671-4554,mobile,,MARTINSBURG,WV,fmcsa_census_wv,,,,
standard,ASHWORTH HEATING & COOLING LLC,(304) 419-1867,mobile,,MILTON,WV,fmcsa_census_wv,,,,
standard,ASHWORTH LANDSCAPING DESIGNS LLC,(304) 654-8683,mobile,,MILTON,WV,fmcsa_census_wv,,,,
standard,ASHWORTH'S MOBILE HOME MOVERS LLC,(304) 539-6690,mobile,,CHARLESTON,WV,fmcsa_census_wv,,,,
standard,ASHWORTHS INC,(304) 228-7728,mobile,,BECKLEY,WV,fmcsa_census_wv,,,,
standard,ASL TRUCKING LLC,(304) 813-9003,mobile,,MORGANTOWN,WV,fmcsa_census_wv,,,,
standard,ASMITH SERVICES LLC,(304) 516-4513,mobile,,BUCKHANNON,WV,fmcsa_census_wv,,,,
standard,ASPHALT DRIVEWAYS LLC,(304) 320-7587,mobile,,BLUEFIELD,WV,fmcsa_census_wv,,,,
standard,ASPHALT KINGS,(304) 476-8788,mobile,,CLARKSBURG,WV,fmcsa_census_wv,,,,
standard,ASPHALT SOLUTIONS LLC,(304) 671-8443,mobile,,BUNKER HILL,WV,fmcsa_census_wv,,,,
standard,ASSARO'S GARAGE LLC,(304) 639-8820,mobile,,WHEELING,WV,fmcsa_census_wv,,,,
standard,ASSET MANAGEMENT LLC,(304) 751-6286,mobile,,HUNTINGTON,WV,fmcsa_census_wv,,,,
standard,ASTAR ABATEMENT INC,(304) 389-6861,mobile,,CHARLESTON,WV,fmcsa_census_wv,,,,
standard,ASTECH CORPORATION INC,(304) 549-5050,mobile,,CHARLESTON,WV,fmcsa_census_wv,,,,
standard,ASTORG AUTO OF CHARLESTON INC,(304) 746-0783,mobile,,CHARLESTON,WV,fmcsa_census_wv,,,,
standard,ASTORG MOTOR COMPANY INC,(304) 865-3129,mobile,,PARKERSBURG,WV,fmcsa_census_wv,,,,
standard,AT CONSTRUCTION LLC,(304) 573-2947,mobile,,MT NEBO,WV,fmcsa_census_wv,,,,
standard,AT MCDANIEL LLC,(681) 260-2578,mobile,,MARTINSBURG,WV,fmcsa_census_wv,,,,
standard,ATHA TRUCKING INC,(304) 669-1143,mobile,,BRIDGEPORT,WV,fmcsa_census_wv,,,,
standard,ATHENS IMPORT LOGISTICS LLC,(304) 888-8837,mobile,,PRINCETON,WV,fmcsa_census_wv,,,,
standard,ATHENS ROAD DIRT,(304) 922-2594,mobile,,PRINCETON,WV,fmcsa_census_wv,,,,
standard,ATKINS REPAIR & EQUIPMENT INC,(304) 661-9723,mobile,,UNION,WV,fmcsa_census_wv,,,,
standard,ATLANTIC HAULING LLC,(304) 517-9132,mobile,,WESTON,WV,fmcsa_census_wv,,,,
standard,ATLANTIC VENDING CORP,(304) 360-9822,mobile,,HUNTINGTON,WV,fmcsa_census_wv,,,,
standard,ATLAS DAVCO LLC,(304) 517-3190,mobile,,BUCKHANNON,WV,fmcsa_census_wv,,,,
standard,ATLAS GROUP LLC,(304) 642-1904,mobile,,BUCKHANNON,WV,fmcsa_census_wv,,,,
standard,ATLAS SCAFFOLD & SUPPLY INC,(304) 812-4353,mobile,,SO CHARLESTON,WV,fmcsa_census_wv,,,,
standard,ATLAS STEEL & SUPPLY LLC,(304) 482-5271,mobile,,PARKERSBURG,WV,fmcsa_census_wv,,,,
standard,ATLAS TRAILER RENTALS INC,(304) 834-0209,mobile,,PARKERSBURG,WV,fmcsa_census_wv,,,,
standard,ATS TRANSPORTING LLC,(304) 279-4723,mobile,,FALLING WATERS,WV,fmcsa_census_wv,,,,
standard,ATTABOY TRUCKING LLC,(304) 880-6497,mobile,,SUMMERSVILLE,WV,fmcsa_census_wv,,,,
standard,ATW CONSTRUCTION LLC,(304) 614-6650,mobile,,BEVERLY,WV,fmcsa_census_wv,,,,
standard,AUBREY A SMITH,(304) 651-1883,mobile,,SUMMERSVILLE,WV,fmcsa_census_wv,,,,
standard,AUGUSTA TRANSPORT LLC,(304) 359-0147,mobile,,AUGUSTA,WV,fmcsa_census_wv,,,,
standard,AUSTIN ENTERPRISES LLC,(304) 382-3170,mobile,,ST ALBANS,WV,fmcsa_census_wv,,,,
standard,AUSTIN J GODWIN & GARY W GODWIN,(304) 614-8022,mobile,,ELKINS,WV,fmcsa_census_wv,,,,
standard,AUTO MART INC,(304) 290-3405,mobile,,MORGANTOWN,WV,fmcsa_census_wv,,,,
standard,AUTO OPTIONS INC,(304) 593-0000,mobile,,MASON,WV,fmcsa_census_wv,,,,
standard,AUTOMOTIVE SPECIALTIES LLC,(304) 820-9252,mobile,,MARTINSBURG,WV,fmcsa_census_wv,,,,
standard,AUTOS R US PREOWNED LLC,(304) 582-1790,mobile,,MARTINSBURG,WV,fmcsa_census_wv,,,,
standard,AUVIL LOGGING LLC,(304) 642-0810,mobile,,BUCKHANNON,WV,fmcsa_census_wv,,,,
standard,AVERILL'S TRUCKING,(304) 237-6907,mobile,,DANIELS,WV,fmcsa_census_wv,,,,
standard,AVETRANS LLC,(304) 279-1272,mobile,,BUNKER HILL,WV,fmcsa_census_wv,,,,
standard,AVIAGEN TURKEYS INC,(304) 667-4470,mobile,,LEWISBURG,WV,fmcsa_census_wv,,,,
standard,AW TRUCKING INC,(304) 644-9606,mobile,,WEBSTER SPGS,WV,fmcsa_census_wv,,,,
standard,AW-SAW TRUCKING,(304) 923-1423,mobile,,PRINCETON,WV,fmcsa_census_wv,,,,
standard,AWATT SIGN LLC,(304) 667-1634,mobile,,CRAWLEY,WV,fmcsa_census_wv,,,,
standard,AWC CONTRACTING LLC,(304) 676-6162,mobile,,INWOOD,WV,fmcsa_census_wv,,,,
standard,AWC OPERATIONS INC,(304) 383-4304,mobile,,PAGETON,WV,fmcsa_census_wv,,,,
standard,AWK TRUCKING LLC,(304) 663-9258,mobile,,HICO,WV,fmcsa_census_wv,,,,
standard,"AXON IRON RIDGE TRANSPORT, LLC",(304) 541-3961,mobile,,PARKERSBURG,WV,fmcsa_census_wv,,,,
standard,B & A WELL SERVICE LLC,(304) 476-0267,mobile,,BRIDGEPORT,WV,fmcsa_census_wv,,,,
standard,B & B JOHNSON PLUMBING LLC,(304) 544-1617,mobile,,HUNTINGTON,WV,fmcsa_census_wv,,,,
standard,B & B TIMBER LLC,(681) 220-4460,mobile,,LEWISBURG,WV,fmcsa_census_wv,,,,
standard,B & B TIRES & WHEELS LLC,(304) 601-5307,mobile,,WILLIAMSON,WV,fmcsa_census_wv,,,,
standard,B & B TOWING AND RECOVERY LLC,(304) 646-6067,mobile,,CALDWELL,WV,fmcsa_census_wv,,,,
standard,B & B TRANSIT INC,(304) 222-4903,mobile,,BECKLEY,WV,fmcsa_census_wv,,,,
standard,B & B TREE SERVICE INC,(304) 282-3069,mobile,,FAIRMONT,WV,fmcsa_census_wv,,,,
standard,B & C CONCRETE PUMPING LLC,(304) 359-3383,mobile,,ROMNEY,WV,fmcsa_census_wv,,,,
standard,B & C TRANSPORT LLC,(304) 250-5842,mobile,,LESTER,WV,fmcsa_census_wv,,,,
standard,B & D TRANSPORT INC,(304) 288-8126,mobile,,MORGANTOWN,WV,fmcsa_census_wv,,,,
standard,B & G HEATING AND COOLING LLC,(304) 531-2629,mobile,,COTTAGEVILLE,WV,fmcsa_census_wv,,,,
standard,B & G JOHNSON CONSTRUCTION COMPANY LLC,(304) 814-6845,mobile,,BECKLEY,WV,fmcsa_census_wv,,,,
standard,B & G ORCHARDS INC,(304) 261-9766,mobile,,MARTINSBURG,WV,fmcsa_census_wv,,,,
standard,B & J PRODUCTS CO INC,(304) 638-0688,mobile,,HUNTINGTON,WV,fmcsa_census_wv,,,,
standard,B & J TRANSPORT LLC,(304) 928-2288,mobile,,LOGAN,WV,fmcsa_census_wv,,,,
standard,B & J TRUCKING & EXCAVATION LLC,(304) 687-1681,mobile,,BLUEFIELD,WV,fmcsa_census_wv,,,,
standard,B & J WELDING & CONTRACTING INC,(304) 539-6596,mobile,,SISSONVILLE,WV,fmcsa_census_wv,,,,
standard,B & K GROVE ENTERPRISES,(304) 283-3628,mobile,,HARPERS FERRY,WV,fmcsa_census_wv,,,,
standard,B & L EXPRESS LLC,(304) 719-3229,mobile,,HICO,WV,fmcsa_census_wv,,,,
standard,B & L LAWN SERVICE,(304) 784-3453,mobile,,MADISON,WV,fmcsa_census_wv,,,,
standard,B & M ENVIRONMENTAL LLC,(304) 288-4116,mobile,,FAIRMONT,WV,fmcsa_census_wv,,,,
standard,B & M OIL COMPANY,(304) 532-3351,mobile,,WHITESVILLE,WV,fmcsa_census_wv,,,,
standard,B & N PIPE LLC,(304) 619-5489,mobile,,SUMMERSVILLE,WV,fmcsa_census_wv,,,,
standard,B & R TRUCKING,(304) 481-2584,mobile,,PARKERSBURG,WV,fmcsa_census_wv,,,,
standard,B & S PYLES TRUCKING LLC,(304) 703-9861,mobile,,MOOREFIELD,WV,fmcsa_census_wv,,,,
standard,B & S TRUCKING INC,(304) 618-7385,mobile,,SUMMERSVILLE,WV,fmcsa_census_wv,,,,
standard,B & W SALES EQUIPMENT RENTAL INC,(304) 544-3810,mobile,,BARBOURSVILLE,WV,fmcsa_census_wv,,,,
standard,B & X TRUCKING,(304) 320-5791,mobile,,IAEGER,WV,fmcsa_census_wv,,,,
standard,B A MARTIN CERTIFIED WELDING LLC,(304) 283-5825,mobile,,GLENGARY,WV,fmcsa_census_wv,,,,
standard,B AND W EXPRESS INC,(304) 815-8902,mobile,,PADEN CITY,WV,fmcsa_census_wv,,,,
standard,B B MARATHON INC,(304) 531-0507,mobile,,SANDYVILLE,WV,fmcsa_census_wv,,,,
standard,B E BRIGHT LLC,(304) 940-1118,mobile,,MONTROSE,WV,fmcsa_census_wv,,,,
standard,B H TRUCKING LLC,(304) 644-0483,mobile,,WEBSTER SPRINGS,WV,fmcsa_census_wv,,,,
standard,B I S FIREPROOFING INC,(304) 479-2412,mobile,,CHESTER,WV,fmcsa_census_wv,,,,
standard,B MARTIN TRUCKING LLC,(304) 482-0002,mobile,,PARKERSBURG,WV,fmcsa_census_wv,,,,
standard,B MILLER EXCAVATING INC,(304) 481-1727,mobile,,MILLSTONE,WV,fmcsa_census_wv,,,,
standard,B N D SERVICES LLC,(304) 437-5050,mobile,,SAINT ALBANS,WV,fmcsa_census_wv,,,,
standard,B R FINLEY GENERAL CONTRACTOR INC,(304) 824-7798,mobile,,BRANCHLAND,WV,fmcsa_census_wv,,,,
standard,B STANLEY GILL INC,(304) 545-6199,mobile,,SOUTH CHARLESTON,WV,fmcsa_census_wv,,,,
standard,B TIMOTHY THOMPSON,(304) 578-0099,mobile,,BEAVER,WV,fmcsa_census_wv,,,,
standard,B W SMITH WELL DRILLING & PUMP CO,(681) 231-3174,mobile,,AUGUSTA,WV,fmcsa_census_wv,,,,
standard,B&B BONDING INVESTIGATIONS INC,(304) 871-6318,mobile,,GLENVILLE,WV,fmcsa_census_wv,,,,
standard,B&B EXPRESS LLC,(304) 813-6273,mobile,,HEDGESVILLE,WV,fmcsa_census_wv,,,,
standard,B&B FARMS,(681) 270-0534,mobile,,TUNNELTON,WV,fmcsa_census_wv,,,,
standard,B&D CONSTRUCTION,(304) 634-8740,mobile,,WEST HAMLIN,WV,fmcsa_census_wv,,,,
standard,B&D STEVENS HAULING LLC,(304) 816-9364,mobile,,FAIRMONT,WV,fmcsa_census_wv,,,,
standard,B&G TRUCKING LLC,(304) 614-9999,mobile,,PHILIPPI,WV,fmcsa_census_wv,,,,
standard,B&K QUALITY ENTERPRISES,(304) 573-8553,mobile,,DANESE,WV,fmcsa_census_wv,,,,
standard,B&K TRUCKING LLC,(304) 887-0594,mobile,,SPANISHBURG,WV,fmcsa_census_wv,,,,
standard,B&M DUMPSTER RENTALS LLC,(304) 916-6117,mobile,,MINERAL WELLS,WV,fmcsa_census_wv,,,,
standard,B&M REPAIR INC,(304) 752-1665,mobile,,CHAPMANVILLE,WV,fmcsa_census_wv,,,,
standard,B&M TRUCKING OF CLARKSBURG LLC,(304) 651-7450,mobile,,SUTTON,WV,fmcsa_census_wv,,,,
standard,B&M WELDING LLC,(304) 634-1108,mobile,,S CHARLESTON,WV,fmcsa_census_wv,,,,
standard,B&N TRUCKING SERVICES LLC,(304) 838-5551,mobile,,CLARKSBURG,WV,fmcsa_census_wv,,,,
standard,B&P ENTERPRISES BLUEFIELD LLC,(304) 920-9290,mobile,,PRINCETON,WV,fmcsa_census_wv,,,,
standard,B-N-A HEATING & COOLING,(304) 290-2895,mobile,,ROWLESBURG,WV,fmcsa_census_wv,,,,
standard,B3 LAND CLEARING LLC,(304) 677-5616,mobile,,BRIDGEPORT,WV,fmcsa_census_wv,,,,
standard,BACHTEL ENTERPRISE,(304) 735-5860,mobile,,AURORA,WV,fmcsa_census_wv,,,,
standard,BACK IN BLACK TOWING&HAULING LLC,(304) 671-9973,mobile,,HEDGESVILLE,WV,fmcsa_census_wv,,,,
standard,BACK MOUNTAIN SERVICE LLC,(304) 651-4238,mobile,,MARLINTON,WV,fmcsa_census_wv,,,,
standard,BACK WOODS CASKETS & VAULTS,(304) 940-9590,mobile,,HAMBLETON,WV,fmcsa_census_wv,,,,
standard,BACKWOODS LOGISTICS,(304) 939-6526,mobile,,HUNTINGTON,WV,fmcsa_census_wv,,,,
standard,BAD LIZARD GRANITE & QUARTZ LLC,(304) 669-6353,mobile,,CLARKSBURG,WV,fmcsa_census_wv,,,,
standard,BADGER LUMBER CO INC,(304) 834-6422,mobile,,PARKERSBURG,WV,fmcsa_census_wv,,,,
standard,BAIGE L CASTO,(304) 382-1326,mobile,,MORGANTOWN,WV,fmcsa_census_wv,,,,
standard,BAIL NOW LLC,(304) 822-0338,mobile,,MARTINSBURG,WV,fmcsa_census_wv,,,,
standard,BAILES TRUCKING LLC,(304) 619-2328,mobile,,NETTIE,WV,fmcsa_census_wv,,,,
standard,BAILEY & BAILEY POWER DISTRIBUTION LLC,(304) 541-2647,mobile,,HURRICANE,WV,fmcsa_census_wv,,,,
standard,BAILEY CONTRACTING AND PROPERTY LLC,(304) 552-7073,mobile,,CHARLESTON,WV,fmcsa_census_wv,,,,
standard,BAILEY GENERAL CONTRACTING INC,(304) 483-5600,mobile,,PARKERSBURG,WV,fmcsa_census_wv,,,,
standard,BAILEY HARDWOODS,(304) 687-8080,mobile,,BIG CREEK,WV,fmcsa_census_wv,,,,
standard,BAILEY'S TRUCKING & CONSTRUCTION LLC,(304) 928-9730,mobile,,SCOTT DEPOT,WV,fmcsa_census_wv,,,,
standard,BAKEDGOODS NET LLC,(681) 526-2856,mobile,,CLARKSBURG,WV,fmcsa_census_wv,,,,
standard,BAKER FARMS,(304) 851-6086,mobile,,CAPON BRIDGE,WV,fmcsa_census_wv,,,,
standard,BAKER STONE & MARBLE COMPANY,(304) 881-3757,mobile,,SAINT ALBANS,WV,fmcsa_census_wv,,,,
standard,BALD EAGLE OIL & GAS INC,(304) 838-1299,mobile,,ELLENBORO,WV,fmcsa_census_wv,,,,
standard,BALDWIN AUTO PARTS INC,(304) 539-4013,mobile,,SISSONVILLE,WV,fmcsa_census_wv,,,,
standard,BALL OIL COMPANY INC,(304) 574-1286,mobile,,FAYETTEVILLE,WV,fmcsa_census_wv,,,,
standard,BALL TRUCKING & BACKHOE SERVICE INC,(304) 784-9167,mobile,,LAKE,WV,fmcsa_census_wv,,,,
standard,BALLARD FENCE COMPANY INC,(304) 389-1055,mobile,,HURICANE,WV,fmcsa_census_wv,,,,
standard,BALLARD FENCE COMPANY LLC,(304) 767-4483,mobile,,HURRICANE,WV,fmcsa_census_wv,,,,
standard,BALLARD TRUCKING,(304) 661-6021,mobile,,WAITEVILLE,WV,fmcsa_census_wv,,,,
standard,BALLARDS FARM SAUSAGE INC,(304) 412-9744,mobile,,WAYNE,WV,fmcsa_census_wv,,,,
standard,BALSERS EXCAVATING,(304) 532-0199,mobile,,SANDYVILLE,WV,fmcsa_census_wv,,,,
standard,BAM BAM FEED,(304) 661-1303,mobile,,ALDERSON,WV,fmcsa_census_wv,,,,
standard,BANDIT TRANSPORT INC,(304) 222-2286,mobile,,SHADY SPRING,WV,fmcsa_census_wv,,,,
standard,BANE FARMS & HAULING LLC,(304) 261-5255,mobile,,KEARNEYSVILLE,WV,fmcsa_census_wv,,,,
standard,BANE MORRIS FARMS,(304) 646-3473,mobile,,BALLARD,WV,fmcsa_census_wv,,,,
standard,BANKS ALTA VISTA FARMS LLC,(304) 676-1031,mobile,,HARPERS FERRY,WV,fmcsa_census_wv,,,,
standard,BAR-MAR 6 LLC,(304) 415-3101,mobile,,KENNA,WV,fmcsa_census_wv,,,,
standard,BAR-T TRUCKING LLC,(304) 303-3121,mobile,,KEYSER,WV,fmcsa_census_wv,,,,
standard,BARBEE TRANSPORT LLC,(304) 923-5393,mobile,,BOLT,WV,fmcsa_census_wv,,,,
standard,BARBOUR COUNTY PIPELINE,(304) 613-9780,mobile,,BELINGTON,WV,fmcsa_census_wv,,,,
standard,BARBOZA PRODUCE LLC,(304) 741-8236,mobile,,HUNTINGTON,WV,fmcsa_census_wv,,,,
standard,BARBWIRE TRUCKING LLC,(304) 481-5250,mobile,,PARKERSBURG,WV,fmcsa_census_wv,,,,
standard,BARCHIESI CONSTRUCTION LLC,(304) 374-9159,mobile,,WELLSBURG,WV,fmcsa_census_wv,,,,
standard,BARCLEY ENTERPRISES INC,(681) 215-0779,mobile,,WAVERLY,WV,fmcsa_census_wv,,,,
standard,BARCS TREE SERVICE,(681) 389-0970,mobile,,HEDGESVILLE,WV,fmcsa_census_wv,,,,
standard,BARE'S FENCE COMPANY LLC,(304) 532-5985,mobile,,RAVENSWOOD,WV,fmcsa_census_wv,,,,
standard,BAREFOOT TRANSPORTATION INC,(304) 629-0002,mobile,,FRENCH CREEK,WV,fmcsa_census_wv,,,,
standard,BARKBUSTERS INC,(304) 698-5455,mobile,,BRUCETON MILLS,WV,fmcsa_census_wv,,,,
standard,BARKER'S CONSTRUCTION LLC,(304) 921-4708,mobile,,PRINCETON,WV,fmcsa_census_wv,,,,
standard,BARKER'S ENTERPRISES LLC,(304) 376-2928,mobile,,FAIRMONT,WV,fmcsa_census_wv,,,,
standard,BARNES & SON TRUCKING LLC,(304) 588-7324,mobile,,PENNSBORO,WV,fmcsa_census_wv,,,,
standard,BARNES TRUCKING LLC,(304) 359-5013,mobile,,SHANKS,WV,fmcsa_census_wv,,,,
standard,BARNETT BUILDERS CONSTRUCTION GROUP INC,(304) 546-6434,mobile,,MILLPOINT,WV,fmcsa_census_wv,,,,
standard,BARNETT SERVICE CO INC,(304) 389-0679,mobile,,CHARLESTON,WV,fmcsa_census_wv,,,,
standard,BARNOSKY ENTERPRISES LLC,(304) 672-6265,mobile,,MOUNT CLARE,WV,fmcsa_census_wv,,,,
standard,BARR JEN HAULING INC,(304) 671-7116,mobile,,INWOOD,WV,fmcsa_census_wv,,,,
standard,BARR PLUMBING LLC,(304) 582-2543,mobile,,HEDGESVILLE,WV,fmcsa_census_wv,,,,
standard,BARRETT'S EXCAVATING AND HAULING LLC,(304) 671-2134,mobile,,MARTINSBURG,WV,fmcsa_census_wv,,,,
standard,BARRY AARON WHITT,(304) 651-9437,mobile,,HICO,WV,fmcsa_census_wv,,,,
standard,BARRY C KNOTTS,(304) 738-1598,mobile,,RIDGELEY,WV,fmcsa_census_wv,,,,
standard,BARRY G BAKER,(304) 887-1825,mobile,,WELCH,WV,fmcsa_census_wv,,,,
standard,BARRY L SCOTT,(304) 320-7929,mobile,,WELCH,WV,fmcsa_census_wv,,,,
